Map 6.8,,,
"Employee jobs, by ward",,,
,,,Numbers
Ward,Code,Borough,Employees
,,,
Aldersgate,00AAFA,City of London,"8,385"
Bishopsgate,00AAFE,City of London,"78,713"
Cripplegate,00AAFQ,City of London,"23,856"
FarringdonWithin,00AAFS,City of London,"21,195"
FarringdonWithout,00AAFT,City of London,"64,759"
Portsoken,00AAFX,City of London,"14,641"
Queenhithe,00AAFY,City of London,"23,645"
Tower,00AAFZ,City of London,"38,259"
Walbrook,00AAGB,City of London,"33,675"
Abbey,00ABFX,Barking and Dagenham,"6,457"
Alibon,00ABFY,Barking and Dagenham,"1,435"
Becontree,00ABFZ,Barking and Dagenham,865
ChadwellHeath,00ABGA,Barking and Dagenham,"1,906"
Eastbrook,00ABGB,Barking and Dagenham,"3,900"
Eastbury,00ABGC,Barking and Dagenham,923
Gascoigne,00ABGD,Barking and Dagenham,"2,509"
Goresbrook,00ABGE,Barking and Dagenham,"1,267"
Heath,00ABGF,Barking and Dagenham,"2,757"
Longbridge,00ABGG,Barking and Dagenham,"1,353"
Mayesbrook,00ABGH,Barking and Dagenham,758
Parsloes,00ABGJ,Barking and Dagenham,620
River,00ABGK,Barking and Dagenham,"6,181"
Thames,00ABGL,Barking and Dagenham,"8,445"
Valence,00ABGM,Barking and Dagenham,"1,727"
Village,00ABGN,Barking and Dagenham,"1,114"
Whalebone,00ABGP,Barking and Dagenham,"2,502"
BrunswickPark,00ACFX,Barnet,"3,519"
BurntOak,00ACFY,Barnet,"3,241"
ChildsHill,00ACFZ,Barnet,"5,877"
Colindale,00ACGA,Barnet,"8,587"
Coppetts,00ACGB,Barnet,"2,959"
EastBarnet,00ACGC,Barnet,"3,851"
EastFinchley,00ACGD,Barnet,"3,181"
Edgware,00ACGE,Barnet,"6,417"
FinchleyChurchEnd,00ACGF,Barnet,"5,674"
GardenSuburb,00ACGG,Barnet,"4,683"
GoldersGreen,00ACGH,Barnet,"5,242"
Hale,00ACGJ,Barnet,"2,398"
Hendon,00ACGK,Barnet,"4,657"
HighBarnet,00ACGL,Barnet,"5,462"
MillHill,00ACGM,Barnet,"5,837"
Oakleigh,00ACGN,Barnet,"3,881"
Totteridge,00ACGP,Barnet,"4,835"
Underhill,00ACGQ,Barnet,"3,971"
WestFinchley,00ACGR,Barnet,"7,030"
WestHendon,00ACGS,Barnet,"9,548"
Woodhouse,00ACGT,Barnet,"5,771"
Barnehurst,00ADGA,Bexley,"3,562"
Belvedere,00ADGB,Bexley,"2,572"
BlackfenandLamorbey,00ADGC,Bexley,"1,029"
BlendonandPenhill,00ADGD,Bexley,979
Brampton,00ADGE,Bexley,"1,595"
Christchurch,00ADGF,Bexley,"8,424"
Colyers,00ADGG,Bexley,761
Crayford,00ADGH,Bexley,"6,763"
CrayMeadows,00ADGJ,Bexley,"4,392"
DansonPark,00ADGK,Bexley,"2,744"
EastWickham,00ADGL,Bexley,"1,030"
Erith,00ADGM,Bexley,"4,840"
FalconwoodandWelling,00ADGN,Bexley,"1,500"
LesnesAbbey,00ADGP,Bexley,444
Longlands,00ADGQ,Bexley,"5,316"
NorthEnd,00ADGR,Bexley,"3,075"
NorthumberlandHeath,00ADGS,Bexley,"1,815"
StMary's,00ADGT,Bexley,"3,179"
StMichael's,00ADGU,Bexley,686
Sidcup,00ADGW,Bexley,"6,543"
ThamesmeadEast,00ADGX,Bexley,"2,676"
Alperton,00AEGJ,Brent,"8,955"
Barnhill,00AEGK,Brent,"3,394"
BrondesburyPark,00AEGL,Brent,"1,779"
DollisHill,00AEGM,Brent,"5,497"
DuddenHill,00AEGN,Brent,"2,823"
Fryent,00AEGP,Brent,"2,946"
Harlesden,00AEGQ,Brent,"1,790"
KensalGreen,00AEGR,Brent,"1,769"
Kenton,00AEGS,Brent,"1,898"
Kilburn,00AEGT,Brent,"2,910"
Mapesbury,00AEGU,Brent,"2,175"
NorthwickPark,00AEGW,Brent,"6,275"
Preston,00AEGX,Brent,"2,638"
QueensPark,00AEGY,Brent,"3,427"
Queensbury,00AEGZ,Brent,"4,045"
Stonebridge,00AEHA,Brent,"15,645"
Sudbury,00AEHB,Brent,"2,476"
Tokyngton,00AEHC,Brent,"10,755"
WelshHarp,00AEHD,Brent,"1,443"
WembleyCentral,00AEHE,Brent,"6,032"
WillesdenGreen,00AEHF,Brent,"3,772"
Bickley,00AFGD,Bromley,"4,122"
BigginHill,00AFGE,Bromley,"2,287"
BromleyCommonandKeston,00AFGF,Bromley,"8,760"
BromleyTown,00AFGG,Bromley,"26,827"
ChelsfieldandPrattsBottom,00AFGH,Bromley,"3,287"
Chislehurst,00AFGJ,Bromley,"4,471"
ClockHouse,00AFGK,Bromley,"3,332"
CopersCope,00AFGL,Bromley,"4,664"
CrayValleyEast,00AFGM,Bromley,"6,625"
CrayValleyWest,00AFGN,Bromley,"4,060"
CrystalPalace,00AFGP,Bromley,"1,816"
Darwin,00AFGQ,Bromley,"1,178"
FarnboroughandCrofton,00AFGR,Bromley,"6,536"
HayesandConeyHall,00AFGS,Bromley,"3,203"
KelseyandEdenPark,00AFGT,Bromley,"8,622"
MottinghamandChislehurstNorth,00AFGU,Bromley,770
Orpington,00AFGW,Bromley,"6,312"
PengeandCator,00AFGX,Bromley,"4,846"
PettsWoodandKnoll,00AFGY,Bromley,"2,286"
PlaistowandSundridge,00AFGZ,Bromley,"3,219"
Shortlands,00AFHA,Bromley,881
WestWickham,00AFHB,Bromley,"5,779"
Belsize,00AGGD,Camden,"2,279"
Bloomsbury,00AGGE,Camden,"51,624"
CamdenTownwithPrimroseHill,00AGGF,Camden,"13,330"
Cantelowes,00AGGG,Camden,"2,748"
FortuneGreen,00AGGH,Camden,"1,987"
FrognalandFitzjohns,00AGGJ,Camden,"4,642"
GospelOak,00AGGK,Camden,"2,152"
HampsteadTown,00AGGL,Camden,"10,039"
Haverstock,00AGGM,Camden,"2,425"
Highgate,00AGGN,Camden,"2,589"
HolbornandCoventGarden,00AGGP,Camden,"98,244"
KentishTown,00AGGQ,Camden,"8,683"
Kilburn,00AGGR,Camden,"3,200"
King'sCross,00AGGS,Camden,"15,927"
Regent'sPark,00AGGT,Camden,"22,365"
StPancrasandSomersTown,00AGGU,Camden,"12,796"
SwissCottage,00AGGW,Camden,"4,476"
WestHampstead,00AGGX,Camden,"4,012"
Addiscombe,00AHGE,Croydon,"6,601"
Ashburton,00AHGF,Croydon,"1,684"
BenshamManor,00AHGG,Croydon,"1,760"
BroadGreen,00AHGH,Croydon,"12,172"
CoulsdonEast,00AHGJ,Croydon,"3,415"
CoulsdonWest,00AHGK,Croydon,"4,073"
Croham,00AHGL,Croydon,"4,489"
Fairfield,00AHGM,Croydon,"45,228"
Fieldway,00AHGN,Croydon,527
Heathfield,00AHGP,Croydon,"2,313"
Kenley,00AHGQ,Croydon,"1,928"
NewAddington,00AHGR,Croydon,"1,890"
Norbury,00AHGS,Croydon,"2,369"
Purley,00AHGT,Croydon,"5,108"
Sanderstead,00AHGU,Croydon,"1,637"
Selhurst,00AHGW,Croydon,"6,514"
SelsdonandBallards,00AHGX,Croydon,"2,260"
Shirley,00AHGY,Croydon,"1,728"
SouthNorwood,00AHGZ,Croydon,"2,395"
ThorntonHeath,00AHHA,Croydon,"2,185"
UpperNorwood,00AHHB,Croydon,"2,612"
Waddon,00AHHC,Croydon,"6,751"
WestThornton,00AHHD,Croydon,"8,081"
Woodside,00AHHE,Croydon,"1,423"
ActonCentral,00AJGC,Ealing,"3,117"
Cleveland,00AJGD,Ealing,"1,554"
DormersWells,00AJGE,Ealing,"1,538"
EalingBroadway,00AJGF,Ealing,"12,964"
EalingCommon,00AJGG,Ealing,"3,356"
EastActon,00AJGH,Ealing,"20,312"
Elthorne,00AJGJ,Ealing,"3,979"
GreenfordBroadway,00AJGK,Ealing,"3,790"
GreenfordGreen,00AJGL,Ealing,"8,467"
HangerHill,00AJGM,Ealing,"7,976"
Hobbayne,00AJGN,Ealing,"2,546"
LadyMargaret,00AJGP,Ealing,825
Northfield,00AJGQ,Ealing,"1,760"
NorthGreenford,00AJGR,Ealing,"1,730"
NortholtMandeville,00AJGS,Ealing,"3,113"
NortholtWestEnd,00AJGT,Ealing,"1,052"
NorwoodGreen,00AJGU,Ealing,"11,195"
Perivale,00AJGW,Ealing,"6,497"
SouthActon,00AJGX,Ealing,"5,953"
SouthallBroadway,00AJGY,Ealing,"3,844"
SouthallGreen,00AJGZ,Ealing,"3,914"
Southfield,00AJHA,Ealing,"3,725"
Walpole,00AJHB,Ealing,"5,681"
Bowes,00AKGL,Enfield,"1,142"
BushHillPark,00AKGM,Enfield,"1,985"
Chase,00AKGN,Enfield,"3,146"
Cockfosters,00AKGP,Enfield,"6,498"
EdmontonGreen,00AKGQ,Enfield,"5,666"
EnfieldHighway,00AKGR,Enfield,"7,906"
EnfieldLock,00AKGS,Enfield,"2,944"
Grange,00AKGT,Enfield,"6,281"
Haselbury,00AKGU,Enfield,"1,860"
Highlands,00AKGW,Enfield,"5,554"
Jubilee,00AKGX,Enfield,"2,075"
LowerEdmonton,00AKGY,Enfield,"1,716"
PalmersGreen,00AKGZ,Enfield,"3,417"
PondersEnd,00AKHA,Enfield,"6,449"
Southbury,00AKHB,Enfield,"10,703"
Southgate,00AKHC,Enfield,"5,391"
SouthgateGreen,00AKHD,Enfield,"2,439"
Town,00AKHE,Enfield,"4,515"
TurkeyStreet,00AKHF,Enfield,"1,221"
UpperEdmonton,00AKHG,Enfield,"7,279"
WinchmoreHill,00AKHH,Enfield,"3,246"
AbbeyWood,00ALGP,Greenwich,"1,663"
BlackheathWestcombe,00ALGQ,Greenwich,"2,299"
Charlton,00ALGR,Greenwich,"2,482"
ColdharbourandNewEltham,00ALGS,Greenwich,"1,216"
ElthamNorth,00ALGT,Greenwich,"3,211"
ElthamSouth,00ALGU,Greenwich,"4,902"
ElthamWest,00ALGW,Greenwich,"1,361"
Glyndon,00ALGX,Greenwich,"2,109"
GreenwichWest,00ALGY,Greenwich,"6,749"
KidbrookewithHornfair,00ALGZ,Greenwich,"1,307"
MiddleParkandSutcliffe,00ALHA,Greenwich,"1,954"
Peninsula,00ALHB,Greenwich,"13,860"
Plumstead,00ALHC,Greenwich,"1,806"
ShootersHill,00ALHD,Greenwich,"1,025"
ThamesmeadMoorings,00ALHE,Greenwich,"4,833"
WoolwichCommon,00ALHF,Greenwich,"6,399"
WoolwichRiverside,00ALHG,Greenwich,"9,907"
Brownswood,00AMGA,Hackney,965
Cazenove,00AMGB,Hackney,"1,413"
Chatham,00AMGC,Hackney,"6,239"
Clissold,00AMGD,Hackney,"1,637"
Dalston,00AMGE,Hackney,"3,770"
DeBeauvoir,00AMGF,Hackney,"2,920"
HackneyCentral,00AMGG,Hackney,"3,722"
HackneyDowns,00AMGH,Hackney,"1,291"
Haggerston,00AMGJ,Hackney,"29,491"
Hoxton,00AMGK,Hackney,"11,954"
King'sPark,00AMGL,Hackney,"1,070"
Leabridge,00AMGM,Hackney,"1,177"
Lordship,00AMGN,Hackney,"2,060"
NewRiver,00AMGP,Hackney,"2,255"
Queensbridge,00AMGQ,Hackney,"2,793"
Springfield,00AMGR,Hackney,"1,290"
StokeNewingtonCentral,00AMGS,Hackney,"3,700"
Victoria,00AMGT,Hackney,"1,728"
Wick,00AMGU,Hackney,"2,345"
Addison,00ANGA,Hammersmith and Fulham,"5,608"
Askew,00ANGB,Hammersmith and Fulham,"1,831"
AvonmoreandBrookGreen,00ANGC,Hammersmith and Fulham,"9,783"
CollegeParkandOldOak,00ANGD,Hammersmith and Fulham,"16,591"
FulhamBroadway,00ANGE,Hammersmith and Fulham,"3,875"
FulhamReach,00ANGF,Hammersmith and Fulham,"4,173"
HammersmithBroadway,00ANGG,Hammersmith and Fulham,"23,183"
Munster,00ANGH,Hammersmith and Fulham,"2,522"
NorthEnd,00ANGJ,Hammersmith and Fulham,"3,646"
PalaceRiverside,00ANGK,Hammersmith and Fulham,"2,553"
ParsonsGreenandWalham,00ANGL,Hammersmith and Fulham,"5,404"
RavenscourtPark,00ANGM,Hammersmith and Fulham,"5,813"
SandsEnd,00ANGN,Hammersmith and Fulham,"6,268"
Shepherd'sBushGreen,00ANGP,Hammersmith and Fulham,"11,766"
Town,00ANGQ,Hammersmith and Fulham,"5,734"
WormholtandWhiteCity,00ANGR,Hammersmith and Fulham,"2,795"
Alexandra,00APGA,Haringey,"1,542"
BoundsGreen,00APGB,Haringey,"2,189"
BruceGrove,00APGC,Haringey,"2,095"
CrouchEnd,00APGD,Haringey,"3,117"
FortisGreen,00APGE,Haringey,"2,911"
Harringay,00APGF,Haringey,"2,162"
Highgate,00APGG,Haringey,"2,573"
Hornsey,00APGH,Haringey,"3,005"
MuswellHill,00APGJ,Haringey,"2,760"
NoelPark,00APGK,Haringey,"5,915"
NorthumberlandPark,00APGL,Haringey,"7,350"
StAnn's,00APGM,Haringey,"2,850"
SevenSisters,00APGN,Haringey,"2,762"
StroudGreen,00APGP,Haringey,"1,065"
TottenhamGreen,00APGQ,Haringey,"4,964"
TottenhamHale,00APGR,Haringey,"6,756"
WestGreen,00APGS,Haringey,"1,775"
WhiteHartLane,00APGT,Haringey,"1,273"
Woodside,00APGU,Haringey,"4,622"
Belmont,00AQFY,Harrow,"1,290"
Canons,00AQFZ,Harrow,"4,139"
Edgware,00AQGA,Harrow,"1,843"
Greenhill,00AQGB,Harrow,"17,954"
HarrowontheHill,00AQGC,Harrow,"4,270"
HarrowWeald,00AQGD,Harrow,"2,729"
HatchEnd,00AQGE,Harrow,"2,147"
HeadstoneNorth,00AQGF,Harrow,"1,507"
HeadstoneSouth,00AQGG,Harrow,"1,655"
KentonEast,00AQGH,Harrow,"1,282"
KentonWest,00AQGJ,Harrow,"2,989"
Marlborough,00AQGK,Harrow,"3,371"
Pinner,00AQGL,Harrow,"2,999"
PinnerSouth,00AQGM,Harrow,"1,486"
Queensbury,00AQGN,Harrow,"1,311"
RaynersLane,00AQGP,Harrow,"1,594"
Roxbourne,00AQGQ,Harrow,"4,199"
Roxeth,00AQGR,Harrow,"1,250"
StanmorePark,00AQGS,Harrow,"3,261"
Wealdstone,00AQGT,Harrow,"2,215"
WestHarrow,00AQGU,Harrow,"2,391"
Brooklands,00ARGC,Havering,"5,346"
Cranham,00ARGD,Havering,"1,292"
ElmPark,00ARGE,Havering,953
EmersonPark,00ARGF,Havering,"1,792"
Gooshays,00ARGG,Havering,"2,007"
Hacton,00ARGH,Havering,"2,552"
HaroldWood,00ARGJ,Havering,"5,502"
HaveringPark,00ARGK,Havering,"1,369"
Heaton,00ARGL,Havering,"2,272"
Hylands,00ARGM,Havering,"3,753"
Mawneys,00ARGN,Havering,"1,696"
Pettits,00ARGP,Havering,"1,861"
RainhamandWennington,00ARGQ,Havering,"4,451"
RomfordTown,00ARGR,Havering,"18,240"
StAndrew's,00ARGS,Havering,"4,967"
SouthHornchurch,00ARGT,Havering,"4,595"
Squirrel'sHeath,00ARGU,Havering,"2,342"
Upminster,00ARGW,Havering,"4,029"
Barnhill,00ASGG,Hillingdon,"1,322"
Botwell,00ASGH,Hillingdon,"13,276"
Brunel,00ASGJ,Hillingdon,"8,607"
Cavendish,00ASGK,Hillingdon,"1,986"
Charville,00ASGL,Hillingdon,"1,942"
EastcoteandEastRuislip,00ASGM,Hillingdon,"2,137"
Harefield,00ASGN,Hillingdon,"3,556"
HeathrowVillages,00ASGP,Hillingdon,"86,577"
HillingdonEast,00ASGQ,Hillingdon,"2,759"
Ickenham,00ASGR,Hillingdon,"1,710"
Manor,00ASGS,Hillingdon,"1,711"
Northwood,00ASGT,Hillingdon,"4,323"
NorthwoodHills,00ASGU,Hillingdon,"1,654"
Pinkwell,00ASGW,Hillingdon,"1,387"
SouthRuislip,00ASGX,Hillingdon,"5,160"
Townfield,00ASGY,Hillingdon,"6,431"
UxbridgeNorth,00ASGZ,Hillingdon,"9,314"
UxbridgeSouth,00ASHA,Hillingdon,"16,764"
WestDrayton,00ASHB,Hillingdon,"3,078"
WestRuislip,00ASHC,Hillingdon,"3,602"
Yeading,00ASHD,Hillingdon,"1,353"
Yiewsley,00ASHE,Hillingdon,"8,709"
Bedfont,00ATFY,Hounslow,"6,728"
Brentford,00ATFZ,Hounslow,"9,435"
ChiswickHomefields,00ATGA,Hounslow,"5,619"
ChiswickRiverside,00ATGB,Hounslow,"1,748"
Cranford,00ATGC,Hounslow,"7,067"
FelthamNorth,00ATGD,Hounslow,"6,324"
FelthamWest,00ATGE,Hounslow,"4,521"
Hanworth,00ATGF,Hounslow,"3,813"
HanworthPark,00ATGG,Hounslow,"6,979"
HestonCentral,00ATGH,Hounslow,"2,452"
HestonEast,00ATGJ,Hounslow,"3,684"
HestonWest,00ATGK,Hounslow,"4,732"
HounslowCentral,00ATGL,Hounslow,"9,663"
HounslowHeath,00ATGM,Hounslow,"3,667"
HounslowSouth,00ATGN,Hounslow,825
HounslowWest,00ATGP,Hounslow,"6,015"
Isleworth,00ATGQ,Hounslow,"3,921"
OsterleyandSpringGrove,00ATGR,Hounslow,"10,359"
Syon,00ATGS,Hounslow,"7,851"
TurnhamGreen,00ATGT,Hounslow,"13,275"
Barnsbury,00AUFX,Islington,"5,405"
Bunhill,00AUFY,Islington,"58,869"
Caledonian,00AUFZ,Islington,"9,769"
Canonbury,00AUGA,Islington,"1,247"
Clerkenwell,00AUGB,Islington,"53,380"
FinsburyPark,00AUGC,Islington,"9,918"
HighburyEast,00AUGD,Islington,"2,796"
HighburyWest,00AUGE,Islington,"3,974"
Hillrise,00AUGF,Islington,"1,617"
Holloway,00AUGG,Islington,"3,414"
Junction,00AUGH,Islington,"11,842"
Mildmay,00AUGJ,Islington,"1,553"
StGeorge's,00AUGK,Islington,"2,089"
StMary's,00AUGL,Islington,"9,358"
StPeter's,00AUGM,Islington,"6,809"
Tollington,00AUGN,Islington,"1,999"
Abingdon,00AWFY,Kensington and Chelsea,"7,605"
Brompton,00AWFZ,Kensington and Chelsea,"16,567"
Campden,00AWGA,Kensington and Chelsea,"6,622"
Colville,00AWGB,Kensington and Chelsea,"3,561"
Courtfield,00AWGC,Kensington and Chelsea,"4,661"
Cremorne,00AWGD,Kensington and Chelsea,"2,709"
Earl'sCourt,00AWGE,Kensington and Chelsea,"4,393"
Golborne,00AWGF,Kensington and Chelsea,"5,162"
HansTown,00AWGG,Kensington and Chelsea,"7,563"
Holland,00AWGH,Kensington and Chelsea,"2,679"
Norland,00AWGJ,Kensington and Chelsea,"3,813"
NottingBarns,00AWGK,Kensington and Chelsea,"4,143"
Pembridge,00AWGL,Kensington and Chelsea,"3,706"
Queen'sGate,00AWGM,Kensington and Chelsea,"9,570"
Redcliffe,00AWGN,Kensington and Chelsea,"2,511"
RoyalHospital,00AWGP,Kensington and Chelsea,"4,907"
StCharles,00AWGQ,Kensington and Chelsea,"3,167"
Stanley,00AWGR,Kensington and Chelsea,"13,412"
Alexandra,00AXFX,Kingston upon Thames,"2,237"
Berrylands,00AXFY,Kingston upon Thames,"1,679"
Beverley,00AXFZ,Kingston upon Thames,"11,329"
Canbury,00AXGA,Kingston upon Thames,"3,721"
ChessingtonNorthandHook,00AXGB,Kingston upon Thames,"2,369"
ChessingtonSouth,00AXGC,Kingston upon Thames,"3,203"
CoombeHill,00AXGD,Kingston upon Thames,"5,606"
CoombeVale,00AXGE,Kingston upon Thames,"3,732"
Grove,00AXGF,Kingston upon Thames,"23,271"
Norbiton,00AXGG,Kingston upon Thames,"2,734"
OldMalden,00AXGH,Kingston upon Thames,841
StJames,00AXGJ,Kingston upon Thames,"1,272"
StMark's,00AXGK,Kingston upon Thames,"4,161"
SurbitonHill,00AXGL,Kingston upon Thames,"2,075"
TolworthandHookRise,00AXGM,Kingston upon Thames,"4,658"
Tudor,00AXGN,Kingston upon Thames,"1,507"
Bishop's,00AYFZ,Lambeth,"31,039"
BrixtonHill,00AYGA,Lambeth,"5,748"
ClaphamCommon,00AYGB,Lambeth,"8,287"
ClaphamTown,00AYGC,Lambeth,"5,954"
Coldharbour,00AYGD,Lambeth,"3,795"
Ferndale,00AYGE,Lambeth,"4,166"
GipsyHill,00AYGF,Lambeth,"1,669"
HerneHill,00AYGG,Lambeth,"9,112"
Knight'sHill,00AYGH,Lambeth,"2,241"
Larkhall,00AYGJ,Lambeth,"3,652"
Oval,00AYGK,Lambeth,"10,652"
Prince's,00AYGL,Lambeth,"11,132"
StLeonard's,00AYGM,Lambeth,"3,802"
Stockwell,00AYGN,Lambeth,"2,739"
StreathamHill,00AYGP,Lambeth,"1,735"
StreathamSouth,00AYGQ,Lambeth,"1,280"
StreathamWells,00AYGR,Lambeth,"4,434"
Thornton,00AYGS,Lambeth,"1,153"
ThurlowPark,00AYGT,Lambeth,"1,652"
TulseHill,00AYGU,Lambeth,"1,409"
Vassall,00AYGW,Lambeth,"2,940"
Bellingham,00AZGD,Lewisham,"4,159"
Blackheath,00AZGE,Lewisham,"4,323"
Brockley,00AZGF,Lewisham,"3,726"
CatfordSouth,00AZGG,Lewisham,"2,274"
CroftonPark,00AZGH,Lewisham,"1,917"
Downham,00AZGJ,Lewisham,"1,766"
Evelyn,00AZGK,Lewisham,"2,915"
ForestHill,00AZGL,Lewisham,"4,751"
GrovePark,00AZGM,Lewisham,"1,564"
Ladywell,00AZGN,Lewisham,"1,605"
LeeGreen,00AZGP,Lewisham,"2,665"
LewishamCentral,00AZGQ,Lewisham,"11,522"
NewCross,00AZGR,Lewisham,"5,763"
PerryVale,00AZGS,Lewisham,"1,543"
RusheyGreen,00AZGT,Lewisham,"5,588"
Sydenham,00AZGU,Lewisham,"2,087"
TelegraphHill,00AZGW,Lewisham,"1,974"
Whitefoot,00AZGX,Lewisham,"1,351"
Abbey,00BAFX,Merton,"8,535"
CannonHill,00BAFY,Merton,"1,051"
ColliersWood,00BAFZ,Merton,"2,544"
CricketGreen,00BAGA,Merton,"6,903"
Dundonald,00BAGB,Merton,"4,377"
Figge'sMarsh,00BAGC,Merton,"1,619"
Graveney,00BAGD,Merton,"1,147"
Hillside,00BAGE,Merton,"6,479"
LavenderFields,00BAGF,Merton,"1,171"
Longthornton,00BAGG,Merton,701
LowerMorden,00BAGH,Merton,"1,400"
MertonPark,00BAGJ,Merton,"3,911"
PollardsHill,00BAGK,Merton,598
Ravensbury,00BAGL,Merton,"1,780"
RaynesPark,00BAGM,Merton,"3,906"
StHelier,00BAGN,Merton,"1,631"
Trinity,00BAGP,Merton,"5,660"
Village,00BAGQ,Merton,"3,968"
WestBarnes,00BAGR,Merton,"2,934"
WimbledonPark,00BAGS,Merton,"4,002"
Beckton,00BBGB,Newham,"7,308"
Boleyn,00BBGC,Newham,"2,208"
CanningTownNorth,00BBGD,Newham,"7,369"
CanningTownSouth,00BBGE,Newham,"1,729"
CustomHouse,00BBGF,Newham,"2,031"
EastHamCentral,00BBGG,Newham,"5,290"
EastHamNorth,00BBGH,Newham,"1,347"
EastHamSouth,00BBGJ,Newham,"2,154"
ForestGateNorth,00BBGK,Newham,"1,261"
ForestGateSouth,00BBGL,Newham,"2,910"
GreenStreetEast,00BBGM,Newham,"1,449"
GreenStreetWest,00BBGN,Newham,"2,679"
LittleIlford,00BBGP,Newham,"1,239"
ManorPark,00BBGQ,Newham,"1,432"
PlaistowNorth,00BBGR,Newham,"1,549"
PlaistowSouth,00BBGS,Newham,"7,605"
RoyalDocks,00BBGT,Newham,"4,532"
StratfordandNewTown,00BBGU,Newham,"15,530"
WallEnd,00BBGW,Newham,906
WestHam,00BBGX,Newham,"2,029"
Aldborough,00BCFY,Redbridge,"4,089"
Barkingside,00BCFZ,Redbridge,"2,339"
Bridge,00BCGA,Redbridge,"1,709"
Chadwell,00BCGB,Redbridge,"2,198"
ChurchEnd,00BCGC,Redbridge,"3,600"
Clayhall,00BCGD,Redbridge,"3,168"
Clementswood,00BCGE,Redbridge,"8,801"
Cranbrook,00BCGF,Redbridge,"2,034"
Fairlop,00BCGG,Redbridge,"2,997"
Fullwell,00BCGH,Redbridge,"1,606"
Goodmayes,00BCGJ,Redbridge,"1,365"
Hainault,00BCGK,Redbridge,"2,936"
Loxford,00BCGL,Redbridge,"3,566"
Mayfield,00BCGM,Redbridge,"1,134"
Monkhams,00BCGN,Redbridge,"2,713"
Newbury,00BCGP,Redbridge,"4,418"
Roding,00BCGQ,Redbridge,"1,781"
SevenKings,00BCGR,Redbridge,"8,012"
Snaresbrook,00BCGS,Redbridge,"2,642"
Valentines,00BCGT,Redbridge,"5,005"
Wanstead,00BCGU,Redbridge,982
Barnes,00BDFW,Richmond upon Thames,"2,276"
EastSheen,00BDFX,Richmond upon Thames,"3,446"
FulwellandHamptonHill,00BDFY,Richmond upon Thames,"3,823"
"Ham,PetershamandRichmondRiverside",00BDFZ,Richmond upon Thames,"2,453"
Hampton,00BDGA,Richmond upon Thames,"3,545"
HamptonNorth,00BDGB,Richmond upon Thames,"2,120"
HamptonWick,00BDGC,Richmond upon Thames,"2,924"
Heathfield,00BDGD,Richmond upon Thames,956
Kew,00BDGE,Richmond upon Thames,"4,059"
MortlakeandBarnesCommon,00BDGF,Richmond upon Thames,"2,917"
NorthRichmond,00BDGG,Richmond upon Thames,"4,203"
StMargaretsandNorthTwickenham,00BDGH,Richmond upon Thames,"4,341"
SouthRichmond,00BDGJ,Richmond upon Thames,"11,916"
SouthTwickenham,00BDGK,Richmond upon Thames,"3,767"
Teddington,00BDGL,Richmond upon Thames,"6,608"
TwickenhamRiverside,00BDGM,Richmond upon Thames,"7,063"
WestTwickenham,00BDGN,Richmond upon Thames,"1,644"
Whitton,00BDGP,Richmond upon Thames,"1,200"
BrunswickPark,00BEGC,Southwark,"4,012"
CamberwellGreen,00BEGD,Southwark,"6,365"
Cathedrals,00BEGE,Southwark,"59,248"
Chaucer,00BEGF,Southwark,"13,923"
College,00BEGG,Southwark,"1,783"
EastDulwich,00BEGH,Southwark,"2,626"
EastWalworth,00BEGJ,Southwark,"3,375"
Faraday,00BEGK,Southwark,"2,090"
Grange,00BEGL,Southwark,"16,112"
Livesey,00BEGM,Southwark,"4,964"
Newington,00BEGN,Southwark,"3,252"
Nunhead,00BEGP,Southwark,"1,255"
Peckham,00BEGQ,Southwark,"1,447"
PeckhamRye,00BEGR,Southwark,"1,118"
Riverside,00BEGS,Southwark,"25,581"
Rotherhithe,00BEGT,Southwark,"3,036"
SouthBermondsey,00BEGU,Southwark,"2,988"
SouthCamberwell,00BEGW,Southwark,"1,826"
SurreyDocks,00BEGX,Southwark,"3,532"
TheLane,00BEGY,Southwark,"4,510"
Village,00BEGZ,Southwark,"2,751"
BeddingtonNorth,00BFGC,Sutton,"6,482"
BeddingtonSouth,00BFGD,Sutton,"1,717"
Belmont,00BFGE,Sutton,"3,387"
CarshaltonCentral,00BFGF,Sutton,"2,745"
CarshaltonSouthandClockhouse,00BFGG,Sutton,"1,664"
Cheam,00BFGH,Sutton,"3,043"
Nonsuch,00BFGJ,Sutton,"2,430"
StHelier,00BFGK,Sutton,"3,816"
Stonecot,00BFGL,Sutton,"2,988"
SuttonCentral,00BFGM,Sutton,"13,564"
SuttonNorth,00BFGN,Sutton,"1,353"
SuttonSouth,00BFGP,Sutton,"2,318"
SuttonWest,00BFGQ,Sutton,"1,628"
TheWrythe,00BFGR,Sutton,"1,498"
WallingtonNorth,00BFGS,Sutton,"3,477"
WallingtonSouth,00BFGT,Sutton,"2,915"
WandleValley,00BFGU,Sutton,"2,790"
WorcesterPark,00BFGW,Sutton,"2,957"
BethnalGreenNorth,00BGFW,Tower Hamlets,"4,365"
BethnalGreenSouth,00BGFX,Tower Hamlets,"2,842"
BlackwallandCubittTown,00BGFY,Tower Hamlets,"17,630"
BowEast,00BGFZ,Tower Hamlets,"5,454"
BowWest,00BGGA,Tower Hamlets,"2,373"
Bromley-by-Bow,00BGGB,Tower Hamlets,"4,001"
EastIndiaandLansbury,00BGGC,Tower Hamlets,"2,941"
Limehouse,00BGGD,Tower Hamlets,"4,509"
MileEndandGlobeTown,00BGGE,Tower Hamlets,"6,329"
MileEndEast,00BGGF,Tower Hamlets,"2,594"
Millwall,00BGGG,Tower Hamlets,"85,875"
StDunstan'sandStepneyGreen,00BGGH,Tower Hamlets,"2,333"
StKatharine'sandWapping,00BGGJ,Tower Hamlets,"15,593"
Shadwell,00BGGK,Tower Hamlets,"2,920"
SpitalfieldsandBanglatown,00BGGL,Tower Hamlets,"16,058"
Weavers,00BGGM,Tower Hamlets,"3,199"
Whitechapel,00BGGN,Tower Hamlets,"19,780"
CannHall,00BHFX,Waltham Forest,871
Cathall,00BHFY,Waltham Forest,"1,280"
ChapelEnd,00BHFZ,Waltham Forest,"2,590"
ChingfordGreen,00BHGA,Waltham Forest,"3,120"
Endlebury,00BHGB,Waltham Forest,"1,302"
Forest,00BHGC,Waltham Forest,"5,388"
GroveGreen,00BHGD,Waltham Forest,986
HaleEndandHighamsPark,00BHGE,Waltham Forest,"2,500"
HatchLane,00BHGF,Waltham Forest,"1,128"
HighStreet,00BHGG,Waltham Forest,"3,204"
HighamHill,00BHGH,Waltham Forest,"4,067"
HoeStreet,00BHGJ,Waltham Forest,"3,170"
Larkswood,00BHGK,Waltham Forest,"3,068"
LeaBridge,00BHGL,Waltham Forest,"3,857"
Leyton,00BHGM,Waltham Forest,"4,332"
Leytonstone,00BHGN,Waltham Forest,"4,130"
Markhouse,00BHGP,Waltham Forest,"3,501"
Valley,00BHGQ,Waltham Forest,"3,157"
WilliamMorris,00BHGR,Waltham Forest,"2,432"
WoodStreet,00BHGS,Waltham Forest,"2,597"
Balham,00BJFZ,Wandsworth,"3,711"
Bedford,00BJGA,Wandsworth,"1,888"
Earlsfield,00BJGB,Wandsworth,"5,807"
EastPutney,00BJGC,Wandsworth,"4,917"
Fairfield,00BJGD,Wandsworth,"8,305"
Furzedown,00BJGE,Wandsworth,"1,473"
Graveney,00BJGF,Wandsworth,"3,668"
Latchmere,00BJGG,Wandsworth,"2,195"
Nightingale,00BJGH,Wandsworth,"3,696"
Northcote,00BJGJ,Wandsworth,"6,170"
Queenstown,00BJGK,Wandsworth,"13,572"
Roehampton,00BJGL,Wandsworth,"4,077"
StMary'sPark,00BJGM,Wandsworth,"8,847"
Shaftesbury,00BJGN,Wandsworth,"4,167"
Southfields,00BJGP,Wandsworth,"4,944"
Thamesfield,00BJGQ,Wandsworth,"10,066"
Tooting,00BJGR,Wandsworth,"10,284"
WandsworthCommon,00BJGS,Wandsworth,"3,972"
WestHill,00BJGT,Wandsworth,"2,010"
WestPutney,00BJGU,Wandsworth,"2,191"
AbbeyRoad,00BKGA,Westminster,"3,464"
Bayswater,00BKGB,Westminster,"3,609"
BryanstonandDorsetSquare,00BKGC,Westminster,"22,401"
Churchill,00BKGD,Westminster,"3,203"
ChurchStreet,00BKGE,Westminster,"4,658"
HarrowRoad,00BKGF,Westminster,"1,501"
HydePark,00BKGG,Westminster,"24,312"
KnightsbridgeandBelgravia,00BKGH,Westminster,"25,641"
LancasterGate,00BKGJ,Westminster,"7,637"
LittleVenice,00BKGK,Westminster,"2,985"
MaidaVale,00BKGL,Westminster,"1,583"
MaryleboneHighStreet,00BKGM,Westminster,"51,355"
Queen'sPark,00BKGN,Westminster,"1,751"
Regent'sPark,00BKGP,Westminster,"8,864"
StJames's,00BKGQ,Westminster,"179,679"
Tachbrook,00BKGR,Westminster,"2,819"
VincentSquare,00BKGS,Westminster,"27,760"
Warwick,00BKGT,Westminster,"21,059"
Westbourne,00BKGU,Westminster,"3,539"
WestEnd,00BKGW,Westminster,"178,976"
,,,
Total,H,London,"4,078,070"